<?xml version="1.0" encoding="UTF-8"?>
<configurationDescriptor version="62">
  <logicalFolder name="root" displayName="root" projectFiles="true">
    <logicalFolder name="HeaderFiles"
                   displayName="Header Files"
                   projectFiles="true">
      <logicalFolder name="Board Support Package"
                     displayName="Board Support Package"
                     projectFiles="true">
        <itemPath>../../../Board Support Package/SST25VF016.h</itemPath>
        <itemPath>../../../Board Support Package/TouchScreen.h</itemPath>
        <itemPath>../../../Board Support Package/drv_spi.h</itemPath>
      </logicalFolder>
      <logicalFolder name="Common" displayName="Common" projectFiles="true">
        <itemPath>../../../Microchip/Include/TimeDelay.h</itemPath>
      </logicalFolder>
      <logicalFolder name="Display Driver"
                     displayName="Display Driver"
                     projectFiles="true">
        <itemPath>../../../Microchip/Include/Graphics/SSD1926.h</itemPath>
      </logicalFolder>
      <logicalFolder name="Graphics" displayName="Graphics" projectFiles="true">
        <itemPath>../../../Microchip/Include/Graphics/Window.h</itemPath>
        <itemPath>../../../Microchip/Include/Graphics/Button.h</itemPath>
        <itemPath>../../../Microchip/Include/Graphics/Chart.h</itemPath>
        <itemPath>../../../Microchip/Include/Graphics/CheckBox.h</itemPath>
        <itemPath>../../../Microchip/Include/Graphics/EditBox.h</itemPath>
        <itemPath>../../../Microchip/Include/Graphics/GOL.h</itemPath>
        <itemPath>../../../Microchip/Include/Graphics/Graphics.h</itemPath>
        <itemPath>../../../Microchip/Include/Graphics/Grid.h</itemPath>
        <itemPath>../../../Microchip/Include/Graphics/GroupBox.h</itemPath>
        <itemPath>../../../Microchip/Include/Graphics/ListBox.h</itemPath>
        <itemPath>../../../Microchip/Include/Graphics/Meter.h</itemPath>
        <itemPath>../../../Microchip/Include/Graphics/Picture.h</itemPath>
        <itemPath>../../../Microchip/Include/Graphics/Primitive.h</itemPath>
        <itemPath>../../../Microchip/Include/Graphics/RadioButton.h</itemPath>
        <itemPath>../../../Microchip/Include/Graphics/ScanCodes.h</itemPath>
        <itemPath>../../../Microchip/Include/Graphics/Slider.h</itemPath>
        <itemPath>../../../Microchip/Include/Graphics/StaticText.h</itemPath>
      </logicalFolder>
      <itemPath>../GraphicsConfig.h</itemPath>
      <itemPath>../HardwareProfile.h</itemPath>
      <itemPath>../../../Microchip/Include/GenericTypeDefs.h</itemPath>
      <itemPath>../TTT_Images.h</itemPath>
    </logicalFolder>
    <logicalFolder name="LinkerScript"
                   displayName="Linker Files"
                   projectFiles="true">
    </logicalFolder>
    <logicalFolder name="SourceFiles"
                   displayName="Source Files"
                   projectFiles="true">
      <logicalFolder name="Board Support Package"
                     displayName="Board Support Package"
                     projectFiles="true">
        <itemPath>../../../Board Support Package/SST25VF016.c</itemPath>
        <itemPath>../../../Board Support Package/TouchScreen.c</itemPath>
        <itemPath>../../../Board Support Package/drv_spi.c</itemPath>
        <itemPath>../../../Board Support Package/TouchScreenResistive.c</itemPath>
      </logicalFolder>
      <logicalFolder name="Common" displayName="Common" projectFiles="true">
        <itemPath>../../../Microchip/Common/TimeDelay.c</itemPath>
      </logicalFolder>
      <logicalFolder name="Display Driver"
                     displayName="Display Driver"
                     projectFiles="true">
        <itemPath>../../../Microchip/Graphics/Drivers/SSD1926.c</itemPath>
        <itemPath>../../../Microchip/Graphics/Drivers/TCON_SSD1289.c</itemPath>
        <itemPath>../../../Microchip/Graphics/Drivers/mchpGfxLCC.c</itemPath>
      </logicalFolder>
      <logicalFolder name="Graphics" displayName="Graphics" projectFiles="true">
        <itemPath>../../../Microchip/Graphics/StaticText.c</itemPath>
        <itemPath>../../../Microchip/Graphics/Window.c</itemPath>
        <itemPath>../../../Microchip/Graphics/Button.c</itemPath>
        <itemPath>../../../Microchip/Graphics/Chart.c</itemPath>
        <itemPath>../../../Microchip/Graphics/CheckBox.c</itemPath>
        <itemPath>../../../Microchip/Graphics/EditBox.c</itemPath>
        <itemPath>../../../Microchip/Graphics/GOL.c</itemPath>
        <itemPath>../../../Microchip/Graphics/GOLFontDefault.c</itemPath>
        <itemPath>../../../Microchip/Graphics/Grid.c</itemPath>
        <itemPath>../../../Microchip/Graphics/GroupBox.c</itemPath>
        <itemPath>../../../Microchip/Graphics/ListBox.c</itemPath>
        <itemPath>../../../Microchip/Graphics/Meter.c</itemPath>
        <itemPath>../../../Microchip/Graphics/Picture.c</itemPath>
        <itemPath>../../../Microchip/Graphics/RadioButton.c</itemPath>
        <itemPath>../../../Microchip/Graphics/Slider.c</itemPath>
        <itemPath>../../../Microchip/Graphics/Primitive.c</itemPath>
        <itemPath>../../../Microchip/Graphics/GOLSchemeDefault.c</itemPath>
      </logicalFolder>
      <itemPath>../TicTacToe.c</itemPath>
      <itemPath>../TTT_Images.c</itemPath>
    </logicalFolder>
    <logicalFolder name="ExternalFiles"
                   displayName="Important Files"
                   projectFiles="false">
      <itemPath>Makefile</itemPath>
    </logicalFolder>
  </logicalFolder>
  <sourceRootList>
    <Elem>../</Elem>
  </sourceRootList>
  <projectmakefile>Makefile</projectmakefile>
  <confs>
    <conf name="default" type="2">
      <toolsSet>
        <developmentServer>localhost</developmentServer>
        <targetDevice>PIC32MX795F512L</targetDevice>
        <targetHeader></targetHeader>
        <targetPluginBoard></targetPluginBoard>
        <platformTool>SKDEPIC32PlatformTool</platformTool>
        <languageToolchain>XC32</languageToolchain>
        <languageToolchainVersion>1.34</languageToolchainVersion>
        <platform>3</platform>
      </toolsSet>
      <compileType>
        <linkerTool>
          <linkerLibItems>
          </linkerLibItems>
        </linkerTool>
        <loading>
          <useAlternateLoadableFile>false</useAlternateLoadableFile>
          <alternateLoadableFile></alternateLoadableFile>
        </loading>
      </compileType>
      <makeCustomizationType>
        <makeCustomizationPreStepEnabled>false</makeCustomizationPreStepEnabled>
        <makeCustomizationPreStep></makeCustomizationPreStep>
        <makeCustomizationPostStepEnabled>false</makeCustomizationPostStepEnabled>
        <makeCustomizationPostStep></makeCustomizationPostStep>
        <makeCustomizationPutChecksumInUserID>false</makeCustomizationPutChecksumInUserID>
        <makeCustomizationEnableLongLines>false</makeCustomizationEnableLongLines>
        <makeCustomizationNormalizeHexFile>false</makeCustomizationNormalizeHexFile>
      </makeCustomizationType>
      <item path="../../../Microchip/Common/TimeDelay.c" ex="false" overriding="true">
        <C32>
          <property key="additional-warnings" value="false"/>
          <property key="enable-app-io" value="false"/>
          <property key="enable-omit-frame-pointer" value="false"/>
          <property key="enable-symbols" value="true"/>
          <property key="enable-unroll-loops" value="false"/>
          <property key="exclude-floating-point" value="false"/>
          <property key="extra-include-directories"
                    value="..;../../../Microchip/Include;../../../Board Support Package;../../../Microchip/Include/Graphics;"/>
          <property key="generate-16-bit-code" value="false"/>
          <property key="isolate-each-function" value="false"/>
          <property key="make-warnings-into-errors" value="false"/>
          <property key="optimization-level" value="-Os"/>
          <property key="place-data-into-section" value="false"/>
          <property key="post-instruction-scheduling" value="default"/>
          <property key="pre-instruction-scheduling" value="default"/>
          <property key="preprocessor-macros" value=""/>
          <property key="strict-ansi" value="false"/>
          <property key="support-ansi" value="false"/>
          <property key="use-cci" value="false"/>
          <property key="use-indirect-calls" value="false"/>
        </C32>
        <C32-AS>
          <property key="assembler-symbols" value=""/>
          <property key="enable-symbols" value="true"/>
          <property key="exclude-floating-point-library" value="false"/>
          <property key="expand-macros" value="false"/>
          <property key="extra-include-directories-for-assembler" value="..;"/>
          <property key="extra-include-directories-for-preprocessor" value=""/>
          <property key="false-conditionals" value="false"/>
          <property key="keep-locals" value="false"/>
          <property key="list-assembly" value="false"/>
          <property key="list-source" value="false"/>
          <property key="list-symbols" value="false"/>
          <property key="oXC32asm-list-to-file" value="false"/>
          <property key="omit-debug-dirs" value="false"/>
          <property key="omit-forms" value="false"/>
          <property key="preprocessor-macros" value=""/>
          <property key="warning-level" value=""/>
          <appendMe value="-gdwarf-2"/>
        </C32-AS>
        <C32-LD>
          <property key="additional-options-use-response-files" value="false"/>
          <property key="enable-check-sections" value="false"/>
          <property key="exclude-floating-point-library" value="false"/>
          <property key="exclude-standard-libraries" value="false"/>
          <property key="extra-lib-directories" value="..;"/>
          <property key="generate-16-bit-code" value="false"/>
          <property key="generate-cross-reference-file" value="false"/>
          <property key="heap-size" value=""/>
          <property key="input-libraries" value=""/>
          <property key="linker-symbols" value=""/>
          <property key="map-file"
                    value="&quot;${DISTDIR}/TicTacToe_PIC32.X.${IMAGE_TYPE}.map&quot;"/>
          <property key="no-startup-files" value="false"/>
          <property key="optimization-level" value=""/>
          <property key="preprocessor-macros" value=""/>
          <property key="remove-unused-sections" value="false"/>
          <property key="report-memory-usage" value="false"/>
          <property key="stack-size" value=""/>
          <property key="symbol-stripping" value=""/>
          <property key="trace-symbols" value=""/>
          <property key="warn-section-align" value="false"/>
        </C32-LD>
        <C32CPP>
          <property key="additional-warnings" value="false"/>
          <property key="check-new" value="false"/>
          <property key="eh-specs" value="true"/>
          <property key="enable-app-io" value="false"/>
          <property key="enable-omit-frame-pointer" value="false"/>
          <property key="enable-symbols" value="true"/>
          <property key="enable-unroll-loops" value="false"/>
          <property key="exceptions" value="true"/>
          <property key="exclude-floating-point" value="false"/>
          <property key="extra-include-directories" value=""/>
          <property key="generate-16-bit-code" value="false"/>
          <property key="isolate-each-function" value="false"/>
          <property key="make-warnings-into-errors" value="false"/>
          <property key="optimization-level" value=""/>
          <property key="place-data-into-section" value="false"/>
          <property key="post-instruction-scheduling" value="default"/>
          <property key="pre-instruction-scheduling" value="default"/>
          <property key="preprocessor-macros" value=""/>
          <property key="rtti" value="true"/>
          <property key="strict-ansi" value="false"/>
          <property key="use-cci" value="false"/>
          <property key="use-indirect-calls" value="false"/>
        </C32CPP>
        <C32Global>
          <property key="legacy-libc" value="false"/>
        </C32Global>
      </item>
      <C32>
        <property key="additional-warnings" value="true"/>
        <property key="enable-app-io" value="false"/>
        <property key="enable-omit-frame-pointer" value="false"/>
        <property key="enable-symbols" value="true"/>
        <property key="enable-unroll-loops" value="false"/>
        <property key="exclude-floating-point" value="false"/>
        <property key="extra-include-directories"
                  value="..;../../../Microchip/Include;../../../Board Support Package;../../../Microchip/Include/Graphics;"/>
        <property key="generate-16-bit-code" value="false"/>
        <property key="isolate-each-function" value="false"/>
        <property key="make-warnings-into-errors" value="false"/>
        <property key="optimization-level" value=""/>
        <property key="place-data-into-section" value="false"/>
        <property key="post-instruction-scheduling" value="default"/>
        <property key="pre-instruction-scheduling" value="default"/>
        <property key="preprocessor-macros" value=""/>
        <property key="strict-ansi" value="false"/>
        <property key="support-ansi" value="false"/>
        <property key="use-cci" value="false"/>
        <property key="use-indirect-calls" value="false"/>
      </C32>
      <C32-AS>
        <property key="assembler-symbols" value=""/>
        <property key="enable-symbols" value="true"/>
        <property key="exclude-floating-point-library" value="false"/>
        <property key="expand-macros" value="false"/>
        <property key="extra-include-directories-for-assembler" value="..;"/>
        <property key="extra-include-directories-for-preprocessor" value=""/>
        <property key="false-conditionals" value="false"/>
        <property key="keep-locals" value="false"/>
        <property key="list-assembly" value="false"/>
        <property key="list-source" value="false"/>
        <property key="list-symbols" value="false"/>
        <property key="oXC32asm-list-to-file" value="false"/>
        <property key="omit-debug-dirs" value="false"/>
        <property key="omit-forms" value="false"/>
        <property key="preprocessor-macros" value=""/>
        <property key="warning-level" value=""/>
        <appendMe value="-gdwarf-2"/>
      </C32-AS>
      <C32-LD>
        <property key="additional-options-use-response-files" value="false"/>
        <property key="enable-check-sections" value="false"/>
        <property key="exclude-floating-point-library" value="false"/>
        <property key="exclude-standard-libraries" value="false"/>
        <property key="extra-lib-directories" value="..;"/>
        <property key="generate-16-bit-code" value="false"/>
        <property key="generate-cross-reference-file" value="false"/>
        <property key="heap-size" value="3000"/>
        <property key="input-libraries" value=""/>
        <property key="linker-symbols" value=""/>
        <property key="map-file"
                  value="&quot;${DISTDIR}/TicTacToe_PIC32.X.${IMAGE_TYPE}.map&quot;"/>
        <property key="no-startup-files" value="false"/>
        <property key="optimization-level" value=""/>
        <property key="preprocessor-macros" value=""/>
        <property key="remove-unused-sections" value="false"/>
        <property key="report-memory-usage" value="false"/>
        <property key="stack-size" value="2600"/>
        <property key="symbol-stripping" value=""/>
        <property key="trace-symbols" value=""/>
        <property key="warn-section-align" value="false"/>
      </C32-LD>
      <C32CPP>
        <property key="additional-warnings" value="false"/>
        <property key="check-new" value="false"/>
        <property key="eh-specs" value="true"/>
        <property key="enable-app-io" value="false"/>
        <property key="enable-omit-frame-pointer" value="false"/>
        <property key="enable-symbols" value="true"/>
        <property key="enable-unroll-loops" value="false"/>
        <property key="exceptions" value="true"/>
        <property key="exclude-floating-point" value="false"/>
        <property key="extra-include-directories" value=""/>
        <property key="generate-16-bit-code" value="false"/>
        <property key="isolate-each-function" value="false"/>
        <property key="make-warnings-into-errors" value="false"/>
        <property key="optimization-level" value=""/>
        <property key="place-data-into-section" value="false"/>
        <property key="post-instruction-scheduling" value="default"/>
        <property key="pre-instruction-scheduling" value="default"/>
        <property key="preprocessor-macros" value=""/>
        <property key="rtti" value="true"/>
        <property key="strict-ansi" value="false"/>
        <property key="use-cci" value="false"/>
        <property key="use-indirect-calls" value="false"/>
      </C32CPP>
      <C32Global>
        <property key="legacy-libc" value="false"/>
      </C32Global>
      <SKDEPIC32PlatformTool>
        <property key="tracecontrol.medium" value="1"/>
        <property key="tracecontrol.portselect" value="0"/>
        <property key="tracecontrol.select" value="0"/>
      </SKDEPIC32PlatformTool>
    </conf>
  </confs>
</configurationDescriptor>
